Primer ID,Primer name,Primer sequence,Use for sequencing,PCR product size (bp),Tm,gRNA sequence
SAM887,in4mer_FANCL_g1_F_ICE,AGCATGAGCCTTGACACACA,YES,763,68,ACGAGGCACATACCTTTGCC
SAM888,in4mer_FANCL_g1_R_ICE,TGTTAGGGAGTGGGGATCACA,NO,,,
SAM889,in4mer_FANCL_g2_F_ICE,ACGCTGTAGGAAGAGATGTGAA,YES,603,66,TGGCTCAAGTACCCAGGTCT
SAM890,in4mer_FANCL_g2_R_ICE,CTGTTCCACGATTCCTGTGC,NO,,,
SAM891,in4mer_GEN1_g1_F_ICE,ACGCGTATTGGGTTGACCAT,NO,1173,68,CTGTAAACAGTCTGGGCCCC
SAM892,in4mer_GEN1_g1_R_ICE,ATCAATGAGCACTCGGGCTG,YES,,,
SAM893,in4mer_GEN1_g2_F_ICE,GGGAAGCTTGACTGTTTGGG,YES,1118,67,TCAGGTACCAAAGACCTGAT
SAM894,in4mer_GEN1_g2_R_ICE,CTCGGTTTGAACGCCAGGAT,NO,,,
SAM883,in4mer_CIP2A_g1_F_ICE,TACCACTCAGCAGGTCCTCA,NO,1070,67,GTGTATCATCTCCACAGAGA
SAM884,in4mer_CIP2A_g1_R_ICE,GGGGCCTTCTCATTGAATTGG,YES,,,
SAM929,in4mer_POLQ_g1_F_ICE,GCCCAGAGACCTTGACGTTT,YES,762,69,GGTTACACCTATGTTTGAGG
SAM930,in4mer_POLQ_g1_R_ICE,TGTCCTGGCAGTGCATTGTT,NO,,,
SAM931,in4mer_POLQ_g2_F_ICE,ACTTACACCTTGGGCCTTGT,YES,1404,66,GTAAGGATACCCGAACCAGG
SAM932,in4mer_POLQ_g2_R_ICE,TGAGGGACACTAGCATTCCA,NO,,,
SAM947,in4mer_RHNO1_g1_F_ICE,ATTGGCTGGCAGAGGATCAG,YES,852,68,CCATCACTCACACTCGACAG
SAM948,in4mer_RHNO1_g1_R_ICE,GGCTGGCCACAGACAGAATA,NO,,,
SAM949,in4mer_RHNO1_g2_F_ICE,GACGATGACTCTGGGGTCTG,YES,1444,67,CCGGGCGAGACACTCAAGTC
SAM950,in4mer_RHNO1_g2_R_ICE,CAGGACTGCTTGGAAGAACC,NO,,,
SAM879,in4mer_APEX2_g1_F_ICE,ACACCTCAGCTCCAGATCAC,NO,1170,67,GAAGCAGCGGTAGCTATCGA
SAM880,in4mer_APEX2_g1_R_ICE,TGGGCTTTGTTTTGGCATGT,YES,,,
SAM881,in4mer_APEX2_g2_F_ICE,TCAGGCGCTTTAGTGGTACG,YES,1168,68,GGACGAGCTGGATGCGGATA
SAM882,in4mer_APEX2_g2_R_ICE,TGCACACATCAGAGCCAGAG,NO,,,
SAM933,in4mer_MCM8_g1_F_ICE,TTTTTCAGCTCGCTTTGCCC,NO,1398,68,TGTTGGAGATCCAGGCCTAG
SAM934,in4mer_MCM8_g1_R_ICE,CCTCTGTAACAGGAGACTGGC,YES,,,
SAM935,in4mer_MCM8_g2_F_ICE,ATGCTGTGACCTCTCCAACC,YES,1497,68,TTGGATCGATTCATACCATA
SAM936,in4mer_MCM8_g2_R_ICE,GCACTGCAGCGTACAGGTAT,NO,,,
SAM925,in4mer_MCM9_g1_F_ICE,TTCCTCACACACTTCTGTGGT,YES,845,67,CTCAGGTCTGACGGTAACTG
SAM926,in4mer_MCM9_g1_R_ICE,GGAGCTTATGAGGCCTTCCA,NO,,,
SAM927,in4mer_MCM9_g2_F_ICE,CATGACTGTGGGGGACAACA,YES,937,66,TGGGAATACTATAAGAGCGA
SAM928,in4mer_MCM9_g2_R_ICE,ACACTACAAACCCAATGGCTG,NO,,,
SAM921,in4mer_MAD2L2_g1_F_ICE,GCTCACACGACAAGACCTCA,YES,737,68,CACGGGGTAGACCTCGCGCA
SAM922,in4mer_MAD2L2_g1_R_ICE,CCCTAACTTCTGGCAAGGGG,NO,,,
SAM923,in4mer_MAD2L2_g2_F_ICE,CACATCCGTCCCCTGTTCTC,YES,1036,69,GATAAAGAGCACCGCCCAGT
SAM924,in4mer_MAD2L2_g2_R_ICE,CTCCAGTGCCTGTGAGAGTG,NO,,,
SAM917,in4mer_HELQ_g1_F_ICE,TCTGAGCCTGGTCAACACTT,YES,866,67,AAGCGCACTATCCCATTTGG
SAM918,in4mer_HELQ_g1_R_ICE,GGAAATCCACGAACCCTCTGAA,NO,,,
SAM919,in4mer_HELQ_g2_F_ICE,CCAACCCAAGATCCCTGACC,YES,999,68,ATGTTGCACTCATACCAATA
SAM920,in4mer_HELQ_g2_R_ICE,TCGAGACGCATTTAGCCCTC,NO,,,
SAM937,in4mer_SMARCAL1_g1_F_ICE,CTACTAACGGCCTTCACCCA,NO,887,68,AGATCCTGACACCAAGACGT
SAM938,in4mer_SMARCAL1_g1_R_ICE,TTGGCACATGCTGTCCATCC,YES,,,
SAM939,in4mer_SMARCAL1_g2_F_ICE,TCGAGAGACAAAGGCAGCAC,YES,779,68,TCGAGCAGCTATGCCGGTCC
SAM940,in4mer_SMARCAL1_g2_R_ICE,CAGCCTGATCGGTTGTCAGT,NO,,,
SAM943,in4mer_FANCM_g1_F_ICE,GTCCCAACCATGACTAGGCTC,YES,1192,68,TGAAGCTCATAAAGCTCTCG
SAM944,in4mer_FANCM_g1_R_ICE,TGCAATACGCTGGTGTGTCT,NO,,,
SAM945,in4mer_FANCM_g2_F_ICE,TCACCTTTGGGCTGTATTTCTCA,YES,1216,67,GTGACGGTGGTTACAACACG
SAM946,in4mer_FANCM_g2_R_ICE,CCACCACTCCACTGTACACAA,NO,,,
SAM941,in4mer_CENPX_g1g2_F_ICE,GAGGCCGCTGGAAACACAA,YES,872,70,GACTGCTGCTTCTGCGGTGA
SAM942,in4mer_CENPX_g1g2_R_ICE,GTCACAGCCACTGTCACCAGAA,YES,,,TGCAGCGCGTCCCCGCTCAC
SAM791,Cas12a_FANCL_F_ICE,AACAGTGCTCAAGAAACAGAGT,YES,594,65,ATCTAGAGAATGCAGCACTCTCC
SAM792,Cas12a_FANCL_R_ICE,TTTCTTCACCACCTGCCCAA,NO,,,
SAM789,Cas12A_GEN1_F_ICE,ACGCGTATTGGGTTGACCAT,YES,1610,68,AGTGCCTCCATATGCTCGAATGC
SAM790,Cas12A_GEN1_R_ICE,ACTGCACTGCCTGAGCTATC,NO,,,
SAM901,Cas12a_MUS81_F_ICE,AAGGCCTGAGCTTGCTGAAT,YES,854,68,TCCCCACCTCACTCACCCCCGGG
SAM902,Cas12a_MUS81_R_ICE,CTGGATTGCTCTGGGCTGAA,NO,,,
SAM899,SaCas9_CIP2A_F_ICE,AACTGGGAGGATGTAGGCTT,NO,733,66,AAGCCAAAGGAGTAATCAAAC
SAM900,SaCas9_CIP2A_R_ICE,ACACATCAGTCAGTTGTGGGT,YES,,,